invoice_id,appointment_id,patient_id,subtotal,discount,tax_amount,total_amount,payment_status,payment_method,issued_at,paid_at
1,4,1,1400.0,0.0,0.0,1400.0,paid,upi,2026-06-19T07:13:46.479627,2026-06-21T07:13:46.479627
2,5,2,3000.0,200.0,0.0,2800.0,paid,card,2026-06-19T07:13:46.479627,2026-06-23T07:13:46.479627
3,6,3,600.0,0.0,0.0,600.0,paid,cash,2026-04-30T07:13:46.479627,2026-05-03T07:13:46.479627
4,1,1,5500.0,0.0,0.0,5500.0,paid,cash,2026-07-29T07:13:46.479627,2026-07-29T15:13:08.353178
5,2,2,1200.0,0.0,0.0,1200.0,paid,cash,2026-07-29T07:13:46.479627,2026-07-29T15:13:01.482064
6,3,3,18000.0,0.0,0.0,18000.0,paid,cash,2026-07-29T07:13:46.479627,2026-07-29T15:12:51.214472
7,,8,2000.0,0.0,0.0,2000.0,paid,cash,2026-06-25 22:13:04,
8,,6,8999.0,999.0,0.0,8000.0,paid,cash,2026-07-22 06:34:54,
9,,4,1400.0,200.0,0.0,1200.0,paid,insurance,2026-07-22 17:20:50,
